num_pages,memory_size,locality,sequence_len,frames_to_pages,freq_var,fifo_faults,lru_faults,optimal_faults,best_algo
12,1,0.27,90,0.08333333333333333,6.75,79,79,79,FIFO
9,6,0.58,25,0.6666666666666666,22.8,5,5,5,FIFO
35,4,0.86,122,0.11428571428571428,122.73356401384086,21,20,18,Optimal
38,9,0.34,172,0.23684210526315788,10.876552227903579,90,88,64,Optimal
40,1,0.13,136,0.025,3.0840029218407596,129,129,129,FIFO
7,6,0.25,114,0.8571428571428571,32.775510204081634,18,12,9,Optimal
34,2,0.57,100,0.058823529411764705,18.63888888888889,50,48,38,Optimal
10,6,0.08,77,0.6,19.21,26,26,18,Optimal
22,4,0.07,49,0.18181818181818182,1.9475000000000002,39,39,30,Optimal
10,1,0.74,184,0.1,49.239999999999995,116,116,116,FIFO
35,1,0.42,93,0.02857142857142857,6.39792899408284,79,79,79,FIFO
31,1,0.53,24,0.03225806451612903,12.25,16,16,16,FIFO
35,5,0.88,31,0.14285714285714285,23.36,5,5,5,FIFO
11,3,0.22,42,0.2727272727272727,5.421487603305785,29,28,22,Optimal
36,3,0.32,182,0.08333333333333333,15.816608996539792,125,125,102,Optimal
30,2,0.53,183,0.06666666666666667,26.748724489795926,117,113,88,Optimal
7,2,0.34,174,0.2857142857142857,23.836734693877553,113,111,86,Optimal
17,6,0.67,76,0.35294117647058826,103.58024691358024,11,12,9,Optimal
36,4,0.89,196,0.1111111111111111,230.50793650793648,32,28,25,Optimal
27,9,0.31,47,0.3333333333333333,13.315555555555555,15,16,15,FIFO
13,9,0.29,70,0.6923076923076923,9.775147928994084,17,19,14,Optimal
16,10,0.51,188,0.625,23.6875,43,39,24,Optimal
31,5,0.32,59,0.16129032258064516,4.347500000000001,34,32,26,Optimal
5,2,0.58,90,0.4,78.4,37,34,24,Optimal
6,6,0.88,90,1.0,307.6,5,5,5,FIFO
21,7,0.9,27,0.3333333333333333,9.83673469387755,7,7,7,FIFO
6,5,0.29,177,0.8333333333333334,79.91666666666667,34,27,16,Optimal
25,8,0.16,191,0.32,11.590399999999999,117,112,71,Optimal
10,10,0.39,53,1.0,19.432098765432094,9,9,9,FIFO
7,3,0.35,34,0.42857142857142855,10.122448979591837,12,12,8,Optimal
10,1,0.21,21,0.1,2.2222222222222223,19,19,19,FIFO
36,3,0.65,60,0.08333333333333333,17.77854671280277,24,20,18,Optimal
32,5,0.9,198,0.15625,246.859375,19,18,16,Optimal
12,8,0.52,48,0.6666666666666666,11.322314049586778,15,13,11,Optimal
34,1,0.21,28,0.029411764705882353,0.4691358024691359,28,28,28,FIFO
22,1,0.47,198,0.045454545454545456,36.81818181818182,159,159,159,FIFO
38,10,0.42,66,0.2631578947368421,4.363636363636363,27,25,22,Optimal
5,2,0.48,187,0.4,113.04,84,88,63,Optimal
29,4,0.36,121,0.13793103448275862,5.7895408163265305,72,69,56,Optimal
21,11,0.84,163,0.5238095238095238,202.78222222222223,16,16,15,Optimal
19,12,0.48,73,0.631578947368421,23.88265306122449,16,15,14,Optimal
29,6,0.82,122,0.20689655172413793,332.23668639053255,13,13,13,FIFO
27,9,0.62,145,0.3333333333333333,18.936390532544376,49,49,34,Optimal
19,12,0.88,33,0.631578947368421,51.04,5,5,5,FIFO
24,12,0.91,172,0.5,455.88888888888886,12,12,12,FIFO
20,10,0.71,59,0.5,69.32231404958678,11,11,11,FIFO
30,8,0.53,195,0.26666666666666666,20.1307966706302,67,65,45,Optimal
10,4,0.78,75,0.4,87.0612244897959,12,11,9,Optimal
14,6,0.94,190,0.42857142857142855,365.47222222222223,16,15,13,Optimal
22,12,0.88,63,0.5454545454545454,87.14285714285714,7,7,7,FIFO
35,12,0.82,98,0.34285714285714286,46.805555555555564,12,12,12,FIFO
11,6,0.14,172,0.5454545454545454,11.140495867768594,75,78,45,Optimal
18,3,0.26,153,0.16666666666666666,6.916666666666667,99,99,79,Optimal
19,3,0.9,93,0.15789473684210525,223.734375,14,10,10,LRU
7,3,0.78,51,0.42857142857142855,111.75999999999999,9,9,7,Optimal
15,9,0.2,51,0.6,5.706666666666665,16,17,15,Optimal
19,4,0.89,43,0.21052631578947367,19.805555555555557,7,7,7,FIFO
13,2,0.8,127,0.15384615384615385,132.09876543209876,22,20,16,Optimal
34,1,0.64,144,0.029411764705882353,18.79191438763377,109,109,109,FIFO
32,2,0.18,46,0.0625,1.1304347826086956,44,44,38,Optimal
8,8,0.52,165,1.0,39.984375,8,8,8,FIFO
27,6,0.8,99,0.2222222222222222,32.854166666666664,14,14,12,Optimal
19,12,0.54,58,0.631578947368421,11.18222222222222,15,16,15,FIFO
20,6,0.66,168,0.3,44.13296398891966,60,56,39,Optimal
10,8,0.49,26,0.8,2.9375,8,8,8,FIFO
20,11,0.94,104,0.55,357.5555555555556,6,6,6,FIFO
29,10,0.21,190,0.3448275862068966,11.971462544589773,99,98,63,Optimal
19,6,0.87,182,0.3157894736842105,195.234375,18,18,16,Optimal
11,10,0.28,21,0.9090909090909091,2.0,9,9,9,FIFO
16,11,0.11,38,0.6875,3.1388888888888893,13,12,12,LRU
17,8,0.27,144,0.47058823529411764,20.719723183391004,48,43,28,Optimal
26,6,0.5,25,0.23076923076923078,2.65,10,11,10,FIFO
7,4,0.09,113,0.5714285714285714,7.265306122448979,41,39,25,Optimal
14,7,0.56,160,0.5,58.21301775147929,39,42,26,Optimal
23,2,0.88,80,0.08695652173913043,43.2,24,23,18,Optimal
10,4,0.3,32,0.4,10.244897959183675,13,12,9,Optimal
30,10,0.87,125,0.3333333333333333,242.54320987654324,9,9,9,FIFO
19,12,0.29,62,0.631578947368421,5.734375,21,22,16,Optimal
25,7,0.09,140,0.28,8.56,88,87,57,Optimal
6,3,0.49,80,0.5,13.555555555555555,20,24,17,Optimal
20,9,0.64,55,0.45,7.3520408163265305,15,15,14,Optimal
13,10,0.36,55,0.7692307692307693,6.909722222222221,13,13,12,Optimal
39,4,0.81,49,0.10256410256410256,73.35802469135804,9,9,9,FIFO
10,6,0.26,65,0.6,9.85,22,24,15,Optimal
12,8,0.49,173,0.6666666666666666,32.74305555555556,42,40,22,Optimal
25,2,0.11,137,0.08,3.6096,125,124,104,Optimal
32,12,0.59,129,0.375,14.6944,39,37,27,Optimal
21,7,0.19,142,0.3333333333333333,8.467120181405894,88,84,54,Optimal
40,12,0.5,79,0.3,7.960059171597634,32,29,26,Optimal
15,3,0.09,51,0.2,3.7066666666666666,33,36,26,Optimal
17,7,0.54,127,0.4117647058823529,29.307958477508652,42,41,25,Optimal
8,7,0.45,112,0.875,20.0,15,12,10,Optimal
38,3,0.28,39,0.07894736842105263,1.5510204081632653,29,29,24,Optimal
23,9,0.61,52,0.391304347826087,18.722222222222225,12,13,12,FIFO
14,2,0.51,166,0.14285714285714285,20.122448979591837,92,96,74,Optimal
15,4,0.08,117,0.26666666666666666,5.2266666666666675,84,82,59,Optimal
23,8,0.69,21,0.34782608695652173,15.25,6,6,6,FIFO
27,3,0.68,165,0.1111111111111111,24.068181818181817,44,41,35,Optimal
37,12,0.9,57,0.32432432432432434,209.84,5,5,5,FIFO
14,10,0.07,54,0.7142857142857143,4.551020408163265,22,21,14,Optimal
24,12,0.59,50,0.5,7.53061224489796,15,14,14,LRU
37,6,0.15,182,0.16216216216216217,6.344777209642074,124,126,92,Optimal
12,9,0.43,75,0.75,12.876033057851238,18,14,11,Optimal
10,3,0.62,75,0.3,59.85,27,26,20,Optimal
26,9,0.88,182,0.34615384615384615,99.09,24,24,20,Optimal
19,10,0.42,155,0.5263157894736842,28.132963988919666,48,45,28,Optimal
40,2,0.18,155,0.05,5.020083102493074,133,131,115,Optimal
18,2,0.34,144,0.1111111111111111,23.444444444444443,92,92,74,Optimal
40,5,0.76,197,0.125,34.72702331961591,45,43,36,Optimal
25,10,0.06,174,0.4,9.8784,98,97,57,Optimal
23,11,0.18,188,0.4782608695652174,7.187145557655955,95,98,52,Optimal
22,11,0.72,197,0.5,51.283446712018154,35,33,24,Optimal
9,4,0.91,161,0.4444444444444444,368.9876543209877,11,11,9,Optimal
36,5,0.93,150,0.1388888888888889,556.6666666666665,10,10,9,Optimal
27,7,0.31,151,0.25925925925925924,10.16735253772291,74,75,53,Optimal
5,4,0.12,160,0.8,44.4,34,27,17,Optimal
18,8,0.43,190,0.4444444444444444,54.58024691358025,60,54,33,Optimal
6,5,0.23,91,0.8333333333333334,40.80555555555555,10,13,9,Optimal
33,8,0.92,129,0.24242424242424243,227.91666666666666,6,6,6,FIFO
22,10,0.15,33,0.45454545454545453,2.0208333333333335,13,13,12,Optimal
7,2,0.76,138,0.2857142857142857,165.63265306122452,30,26,22,Optimal
14,1,0.4,159,0.07142857142857142,37.80102040816327,134,134,134,FIFO
21,1,0.54,117,0.047619047619047616,22.36111111111111,98,98,98,FIFO
14,1,0.38,57,0.07142857142857142,10.236686390532544,43,43,43,FIFO
24,11,0.84,108,0.4583333333333333,88.82840236686391,13,13,13,FIFO
12,11,0.2,184,0.9166666666666666,16.38888888888889,24,20,15,Optimal
38,9,0.26,174,0.23684210526315788,7.2899926953981025,105,102,70,Optimal
30,7,0.33,39,0.23333333333333334,1.7370242214532874,20,20,17,Optimal
23,2,0.89,24,0.08695652173913043,38.0,5,4,4,LRU
38,5,0.85,200,0.13157894736842105,126.91609977324264,37,32,27,Optimal
27,12,0.79,149,0.4444444444444444,123.2006172839506,20,20,18,Optimal
6,1,0.36,137,0.16666666666666666,13.138888888888888,104,104,104,FIFO
12,9,0.71,37,0.75,13.984375,8,8,8,FIFO
35,10,0.06,168,0.2857142857142857,5.467128027681661,116,114,71,Optimal
32,1,0.83,42,0.03125,48.333333333333336,14,14,14,FIFO
32,12,0.48,138,0.375,12.729599999999998,46,51,34,Optimal
39,11,0.85,113,0.28205128205128205,268.2430555555556,12,12,12,FIFO
31,7,0.51,59,0.22580645161290322,9.533950617283951,22,22,18,Optimal
13,12,0.81,100,0.9230769230769231,78.0,10,10,10,FIFO
16,7,0.41,180,0.4375,20.9375,72,69,40,Optimal
6,1,0.85,113,0.16666666666666666,314.64000000000004,22,22,22,FIFO
22,7,0.72,47,0.3181818181818182,33.24305555555556,13,12,12,LRU
38,5,0.94,75,0.13157894736842105,1104.6666666666667,3,3,3,FIFO
14,7,0.07,164,0.5,12.632653061224488,72,71,43,Optimal
30,12,0.74,166,0.4,41.30056710775047,28,27,23,Optimal
37,8,0.55,134,0.21621621621621623,12.628257887517147,43,41,31,Optimal
18,5,0.29,79,0.2777777777777778,8.55859375,38,38,27,Optimal
26,9,0.31,145,0.34615384615384615,7.2799999999999985,69,67,43,Optimal
25,12,0.75,109,0.48,27.274691358024686,24,22,18,Optimal
34,7,0.38,142,0.20588235294117646,14.24609375,68,69,47,Optimal
10,10,0.88,155,1.0,1188.9795918367345,7,7,7,FIFO
23,10,0.46,111,0.43478260869565216,15.861570247933882,31,38,25,Optimal
7,5,0.54,52,0.7142857142857143,31.88888888888889,9,9,7,Optimal
7,2,0.16,74,0.2857142857142857,3.102040816326531,51,55,45,Optimal
30,8,0.52,129,0.26666666666666666,33.734375,41,37,29,Optimal
32,4,0.85,71,0.125,83.40972222222221,14,12,12,LRU
40,9,0.76,82,0.225,43.984375,19,18,16,Optimal
23,7,0.09,94,0.30434782608695654,4.925619834710743,66,66,40,Optimal
32,4,0.58,147,0.125,30.098765432098762,62,55,43,Optimal
8,3,0.7,136,0.375,38.75,46,47,31,Optimal
28,7,0.57,174,0.25,33.52071005917159,53,53,37,Optimal
24,9,0.67,38,0.375,5.138888888888889,13,12,12,LRU
36,8,0.12,54,0.2222222222222222,1.1533888228299645,39,39,30,Optimal
15,6,0.35,169,0.4,27.928888888888885,73,75,48,Optimal
7,4,0.66,55,0.5714285714285714,40.12244897959183,10,9,7,Optimal
8,1,0.29,82,0.125,29.6875,73,73,73,FIFO
34,1,0.56,132,0.029411764705882353,20.0416,96,96,96,FIFO
11,9,0.31,51,0.8181818181818182,7.322314049586779,13,13,11,Optimal
29,8,0.94,67,0.27586206896551724,169.1388888888889,6,6,6,FIFO
9,6,0.29,190,0.6666666666666666,25.65432098765432,50,46,28,Optimal
20,6,0.47,60,0.3,12.85207100591716,19,19,15,Optimal
28,11,0.33,58,0.39285714285714285,2.7528344671201816,27,27,21,Optimal
15,9,0.4,160,0.6,24.088888888888892,35,40,22,Optimal
22,8,0.7,39,0.36363636363636365,5.846153846153846,15,14,13,Optimal
16,9,0.52,88,0.5625,19.182222222222222,23,22,17,Optimal
29,2,0.39,26,0.06896551724137931,1.609375,22,22,20,Optimal
40,7,0.29,40,0.175,1.895691609977324,23,22,21,Optimal
29,7,0.82,23,0.2413793103448276,88.88888888888887,3,3,3,FIFO
25,8,0.49,77,0.32,7.613636363636363,29,30,23,Optimal
27,5,0.61,104,0.18518518518518517,27.660000000000004,34,32,26,Optimal
31,11,0.12,126,0.3548387096774194,4.826666666666666,74,74,48,Optimal
14,5,0.31,179,0.35714285714285715,18.739795918367346,87,85,58,Optimal
7,7,0.1,78,1.0,2.9795918367346936,7,7,7,FIFO
34,12,0.48,84,0.35294117647058826,9.2703213610586,29,28,23,Optimal
31,12,0.72,31,0.3870967741935484,7.890000000000001,10,10,10,FIFO
6,4,0.45,131,0.6666666666666666,35.138888888888886,39,32,20,Optimal
21,1,0.47,107,0.047619047619047616,12.427499999999998,83,83,83,FIFO
18,9,0.62,160,0.5,57.53633217993079,29,27,19,Optimal
28,8,0.34,84,0.2857142857142857,5.5,46,44,31,Optimal
29,4,0.26,155,0.13793103448275862,5.950059453032103,118,116,87,Optimal
30,4,0.11,24,0.13333333333333333,0.7128027681660898,19,19,17,Optimal
35,12,0.35,35,0.34285714285714286,2.290657439446367,18,17,17,LRU
33,9,0.5,176,0.2727272727272727,17.58222222222222,71,65,45,Optimal
32,12,0.56,69,0.375,9.251700680272112,21,21,21,FIFO
7,6,0.28,28,0.8571428571428571,5.142857142857143,9,9,7,Optimal
14,6,0.43,76,0.42857142857142855,11.102040816326532,31,29,21,Optimal
20,3,0.47,124,0.15,14.059999999999999,74,71,56,Optimal
35,6,0.93,112,0.17142857142857143,413.0400000000001,5,5,5,FIFO
9,2,0.75,190,0.2222222222222222,158.54320987654322,57,51,41,Optimal
37,9,0.82,53,0.24324324324324326,159.734375,8,8,8,FIFO
12,3,0.78,26,0.25,32.25,4,4,4,FIFO
6,1,0.85,77,0.16666666666666666,170.80555555555554,37,37,37,FIFO
40,12,0.49,148,0.3,15.662040816326535,64,61,43,Optimal
7,7,0.37,104,1.0,4.979591836734696,7,7,7,FIFO
30,5,0.4,34,0.16666666666666666,1.3209876543209875,22,22,19,Optimal
16,7,0.28,150,0.4375,19.109375,60,58,36,Optimal
40,10,0.29,169,0.25,5.767746913580247,95,95,66,Optimal
38,7,0.19,55,0.18421052631578946,3.10207100591716,35,34,28,Optimal
20,5,0.63,167,0.25,82.64506172839506,53,49,38,Optimal
39,8,0.82,54,0.20512820512820512,31.17355371900826,11,11,11,FIFO
16,2,0.68,99,0.125,38.78061224489796,39,41,32,Optimal
22,3,0.42,20,0.13636363636363635,2.0,14,14,10,Optimal
22,10,0.83,108,0.45454545454545453,114.9375,16,17,16,FIFO
26,2,0.91,29,0.07692307692307693,49.1875,8,8,6,Optimal
20,7,0.08,150,0.35,9.75,90,90,52,Optimal
12,11,0.89,169,0.9166666666666666,613.609375,8,8,8,FIFO
8,5,0.51,37,0.625,20.48979591836735,11,10,8,Optimal
37,5,0.87,38,0.13513513513513514,104.25,4,4,4,FIFO
21,5,0.14,132,0.23809523809523808,5.918367346938776,95,95,66,Optimal
17,5,0.35,102,0.29411764705882354,9.411764705882353,50,49,38,Optimal
39,11,0.81,28,0.28205128205128205,52.64,5,5,5,FIFO
24,3,0.13,25,0.125,0.62109375,21,21,18,Optimal
12,5,0.24,193,0.4166666666666667,11.909722222222223,96,92,60,Optimal
7,5,0.31,21,0.7142857142857143,9.25,7,7,6,Optimal
29,4,0.27,195,0.13793103448275862,15.096313912009514,130,128,99,Optimal
11,10,0.74,178,0.9090909090909091,147.78512396694214,14,12,11,Optimal
28,11,0.36,177,0.39285714285714285,17.3609693877551,69,65,43,Optimal
24,3,0.29,57,0.125,4.5275,37,36,29,Optimal
23,1,0.14,195,0.043478260869565216,13.466918714555765,181,181,181,FIFO
9,2,0.35,29,0.2222222222222222,6.122448979591837,17,16,14,Optimal
12,2,0.55,25,0.16666666666666666,10.839506172839505,16,16,13,Optimal
24,2,0.57,169,0.08333333333333333,23.53119092627599,99,102,79,Optimal
25,8,0.62,183,0.32,69.40104166666667,50,48,35,Optimal
24,12,0.86,99,0.5,279.6363636363636,11,11,11,FIFO
36,8,0.07,195,0.2222222222222222,6.965277777777778,144,142,95,Optimal
36,9,0.62,86,0.25,13.301939058171744,25,24,19,Optimal
7,3,0.9,34,0.42857142857142855,127.25,4,4,4,FIFO
38,4,0.88,113,0.10526315789473684,347.609375,9,8,8,LRU
8,5,0.61,24,0.625,11.36,5,5,5,FIFO
32,12,0.9,21,0.375,46.1875,4,4,4,FIFO
9,7,0.58,125,0.7777777777777778,47.734375,11,11,9,Optimal
17,6,0.68,157,0.35294117647058826,120.17993079584775,39,36,26,Optimal
28,11,0.32,99,0.39285714285714285,5.539940828402366,42,41,31,Optimal
29,3,0.39,146,0.10344827586206896,9.64883401920439,92,89,68,Optimal
37,5,0.17,62,0.13513513513513514,2.060356652949246,46,45,35,Optimal
6,5,0.26,176,0.8333333333333334,31.222222222222218,25,19,11,Optimal
36,4,0.15,37,0.1111111111111111,1.419501133786848,31,31,24,Optimal
33,9,0.75,192,0.2727272727272727,25.18834547346514,50,48,35,Optimal
27,9,0.84,138,0.3333333333333333,297.0833333333333,14,12,12,LRU
11,9,0.4,30,0.8181818181818182,3.6,10,10,10,FIFO
27,8,0.51,196,0.2962962962962963,25.96982167352537,70,68,47,Optimal
31,12,0.94,38,0.3870967741935484,104.75,4,4,4,FIFO
35,7,0.81,61,0.2,137.234375,8,8,8,FIFO
25,8,0.67,200,0.32,51.60302457466918,43,42,29,Optimal
11,3,0.42,187,0.2727272727272727,45.63636363636363,88,86,64,Optimal
37,2,0.61,23,0.05405405405405406,11.580246913580247,13,14,11,Optimal
24,12,0.3,118,0.5,6.159722222222222,43,43,31,Optimal
11,5,0.89,52,0.45454545454545453,330.88888888888886,3,3,3,FIFO
5,1,0.31,56,0.2,7.76,38,38,38,FIFO
21,2,0.2,66,0.09523809523809523,2.71,56,59,48,Optimal
12,4,0.37,39,0.3333333333333333,13.884297520661159,16,13,12,Optimal
31,5,0.47,62,0.16129032258064516,8.326388888888888,33,31,26,Optimal
26,12,0.67,44,0.46153846153846156,17.222222222222225,12,12,12,FIFO
33,10,0.27,125,0.30303030303030304,6.611862643080124,64,63,42,Optimal
32,9,0.27,116,0.28125,8.620689655172415,55,53,40,Optimal
9,1,0.34,172,0.1111111111111111,20.987654320987655,139,139,139,FIFO
16,8,0.58,98,0.5,24.609375,23,20,16,Optimal
27,4,0.72,53,0.14814814814814814,12.515555555555556,18,16,15,Optimal
14,4,0.29,80,0.2857142857142857,7.204081632653062,41,37,30,Optimal
13,9,0.58,181,0.6923076923076923,30.22485207100592,33,33,20,Optimal
7,4,0.87,40,0.5714285714285714,41.0,4,4,4,FIFO
26,3,0.9,90,0.11538461538461539,219.4375,12,9,9,LRU
21,8,0.68,92,0.38095238095238093,63.889273356401375,24,21,17,Optimal
30,5,0.7,148,0.16666666666666666,34.593572778827976,33,33,27,Optimal
6,1,0.68,188,0.16666666666666666,198.2222222222222,107,107,107,FIFO
23,11,0.15,121,0.4782608695652174,6.366729678638942,63,68,37,Optimal
31,7,0.57,149,0.22580645161290322,15.632222222222222,50,49,39,Optimal
34,10,0.29,34,0.29411764705882354,1.3955555555555557,17,17,15,Optimal
15,4,0.91,195,0.26666666666666666,491.05,15,13,10,Optimal
23,5,0.9,143,0.21739130434782608,282.61,14,12,10,Optimal
9,5,0.66,134,0.5555555555555556,58.76543209876544,28,22,17,Optimal
27,3,0.22,102,0.1111111111111111,3.5061728395061724,79,77,62,Optimal
28,12,0.81,131,0.42857142857142855,76.44290657439444,19,17,17,LRU
34,3,0.79,25,0.08823529411764706,42.6875,4,4,4,FIFO
33,12,0.95,108,0.36363636363636365,424.2448979591837,7,7,7,FIFO
30,12,0.51,188,0.4,18.04280618311534,56,55,37,Optimal
30,2,0.7,96,0.06666666666666667,21.159999999999997,55,55,39,Optimal
8,5,0.24,142,0.625,21.4375,41,43,25,Optimal
19,1,0.24,105,0.05263157894736842,6.249307479224377,98,98,98,FIFO
22,8,0.89,173,0.36363636363636365,120.08673469387756,16,16,14,Optimal
16,9,0.9,148,0.5625,444.4691358024691,9,9,9,FIFO
34,8,0.1,69,0.23529411764705882,2.21,50,48,36,Optimal
15,8,0.79,198,0.5333333333333333,309.5833333333333,17,16,12,Optimal
40,1,0.4,190,0.025,11.033950617283951,160,160,160,FIFO
22,6,0.71,116,0.2727272727272727,25.02469135802469,30,28,22,Optimal
22,5,0.15,107,0.22727272727272727,10.371882086167801,69,66,46,Optimal
8,6,0.18,116,0.75,13.75,27,28,16,Optimal
29,6,0.48,81,0.20689655172413793,12.567708333333334,35,32,25,Optimal
7,2,0.81,66,0.2857142857142857,57.760000000000005,11,10,9,Optimal
37,11,0.59,165,0.2972972972972973,14.214030915576693,52,49,34,Optimal
28,4,0.69,66,0.14285714285714285,9.609999999999998,30,28,26,Optimal
27,11,0.54,173,0.4074074074074074,43.993599999999994,41,39,30,Optimal
20,3,0.37,197,0.15,21.727500000000003,113,110,87,Optimal
20,8,0.81,27,0.4,48.64,5,5,5,FIFO
31,6,0.34,159,0.1935483870967742,7.766944114149822,82,85,61,Optimal
22,10,0.37,79,0.45454545454545453,6.0475,31,31,22,Optimal
23,2,0.89,123,0.08695652173913043,254.81000000000003,34,33,22,Optimal
21,3,0.51,63,0.14285714285714285,10.089965397923875,27,26,21,Optimal
21,9,0.55,169,0.42857142857142855,27.988919667590032,42,40,27,Optimal
30,3,0.05,91,0.1,3.4017857142857144,74,75,61,Optimal
13,4,0.23,65,0.3076923076923077,14.0,35,38,25,Optimal
6,1,0.07,78,0.16666666666666666,9.666666666666666,67,67,67,FIFO
37,4,0.61,56,0.10810810810810811,3.7340720221606647,29,29,22,Optimal
29,10,0.6,77,0.3448275862068966,14.977272727272727,28,28,22,Optimal
18,9,0.73,183,0.5,93.22666666666666,29,27,19,Optimal
24,11,0.66,70,0.4583333333333333,16.0,14,14,14,FIFO
16,3,0.22,89,0.1875,6.595555555555555,49,51,39,Optimal
35,9,0.5,40,0.2571428571428571,3.1728395061728403,19,19,18,Optimal
29,3,0.94,33,0.10344827586206896,132.25,2,2,2,FIFO
26,12,0.49,96,0.46153846153846156,15.260000000000002,28,29,20,Optimal
27,8,0.58,44,0.2962962962962963,5.122448979591836,14,14,14,FIFO
9,2,0.62,158,0.2222222222222222,88.24691358024691,72,68,53,Optimal
10,4,0.92,135,0.4,675.0612244897958,8,8,7,Optimal
32,8,0.3,143,0.25,9.721123829344434,79,77,49,Optimal
33,1,0.48,110,0.030303030303030304,7.336504161712245,91,91,91,FIFO
28,1,0.65,168,0.03571428571428571,32.633136094674555,131,131,131,FIFO
20,12,0.58,36,0.6,3.573333333333333,18,17,15,Optimal
37,7,0.15,161,0.1891891891891892,5.95763330898466,93,98,69,Optimal
35,3,0.2,144,0.08571428571428572,5.415510204081633,113,112,91,Optimal
9,6,0.49,61,0.6666666666666666,24.395061728395056,13,12,9,Optimal
22,3,0.33,50,0.13636363636363635,1.601108033240997,36,35,28,Optimal
32,3,0.48,78,0.09375,5.6875,46,46,37,Optimal
26,4,0.24,105,0.15384615384615385,4.734375,75,79,59,Optimal
20,1,0.47,150,0.05,14.65,114,114,114,FIFO
9,7,0.54,93,0.7777777777777778,30.88888888888889,10,12,10,FIFO
17,7,0.84,133,0.4117647058823529,90.33136094674556,18,17,14,Optimal
30,4,0.12,193,0.13333333333333333,9.045555555555556,150,146,111,Optimal
22,8,0.79,23,0.36363636363636365,15.040000000000001,5,5,5,FIFO
18,4,0.61,110,0.2222222222222222,33.15555555555556,32,27,22,Optimal
19,5,0.42,110,0.2631578947368421,14.543209876543207,48,50,34,Optimal
17,8,0.11,61,0.47058823529411764,4.40234375,28,25,19,Optimal
30,10,0.45,42,0.3333333333333333,5.609375,16,17,16,FIFO
40,2,0.86,197,0.05,168.54847645429362,38,35,28,Optimal
28,7,0.52,156,0.25,14.0,59,58,44,Optimal
36,10,0.72,171,0.2777777777777778,35.8813775510204,38,41,29,Optimal
20,11,0.7,71,0.55,14.262975778546714,19,20,17,Optimal
10,3,0.49,138,0.3,23.96,66,63,41,Optimal
29,1,0.91,133,0.034482758620689655,274.2857142857143,31,31,31,FIFO
33,6,0.76,71,0.18181818181818182,33.63775510204082,15,14,14,LRU
18,7,0.12,181,0.3888888888888889,15.3858024691358,110,113,69,Optimal
39,9,0.31,45,0.23076923076923078,2.548476454293629,23,24,19,Optimal
31,3,0.13,91,0.0967741935483871,3.7655555555555558,77,75,61,Optimal
31,4,0.74,109,0.12903225806451613,34.49691358024691,26,24,21,Optimal
18,3,0.35,178,0.16666666666666666,20.098765432098766,120,115,85,Optimal
10,4,0.06,145,0.4,8.05,91,87,53,Optimal
16,10,0.12,168,0.625,13.625,56,61,32,Optimal
32,9,0.36,176,0.28125,13.315296566077006,82,84,57,Optimal
21,1,0.93,115,0.047619047619047616,223.13888888888889,46,46,46,FIFO
27,11,0.06,93,0.4074074074074074,4.551775147928994,54,53,37,Optimal
8,3,0.78,21,0.375,46.1875,4,4,4,FIFO
5,1,0.22,121,0.2,13.36,95,95,95,FIFO
7,1,0.46,107,0.14285714285714285,45.63265306122448,76,76,76,FIFO
23,11,0.87,130,0.4782608695652174,142.88888888888894,16,15,15,LRU
10,7,0.75,46,0.7,7.876543209876543,11,9,9,LRU
7,2,0.94,54,0.2857142857142857,374.25,5,4,4,LRU
21,5,0.91,81,0.23809523809523808,174.6875,4,4,4,FIFO
19,10,0.89,161,0.5263157894736842,279.1404958677685,11,11,11,FIFO
31,4,0.94,63,0.12903225806451613,154.1875,4,4,4,FIFO
31,11,0.89,82,0.3548387096774194,140.55555555555557,6,6,6,FIFO
5,1,0.63,152,0.2,41.04,97,97,97,FIFO
34,1,0.49,62,0.029411764705882353,1.6597222222222223,54,54,54,FIFO
40,11,0.92,119,0.275,115.05325443786981,13,13,13,FIFO
5,5,0.32,48,1.0,15.040000000000003,5,5,5,FIFO
23,6,0.95,41,0.2608695652173913,33.55555555555556,3,3,3,FIFO
10,9,0.72,95,0.9,61.58024691358024,9,9,9,FIFO
5,1,0.17,38,0.2,12.24,31,31,31,FIFO
11,1,0.62,38,0.09090909090909091,17.88888888888889,20,20,20,FIFO
11,1,0.18,29,0.09090909090909091,7.06172839506173,24,24,24,FIFO
11,2,0.42,27,0.18181818181818182,17.84,13,10,10,LRU
31,4,0.81,74,0.12903225806451613,26.213017751479292,14,13,13,LRU
38,2,0.89,35,0.05263157894736842,272.25,2,2,2,FIFO
5,1,0.63,98,0.2,76.24000000000001,61,61,61,FIFO
25,8,0.87,63,0.32,171.359375,8,8,8,FIFO
21,11,0.86,150,0.5238095238095238,195.25,12,12,12,FIFO
16,7,0.93,151,0.4375,353.1020408163266,7,7,7,FIFO
28,2,0.95,37,0.07142857142857142,306.25,2,2,2,FIFO
31,1,0.11,130,0.03225806451612903,5.622222222222222,126,126,126,FIFO
7,7,0.71,24,1.0,38.0,3,3,3,FIFO
32,10,0.89,89,0.3125,782.1875,4,4,4,FIFO
22,1,0.9,110,0.045454545454545456,306.9375,31,31,31,FIFO
15,1,0.28,71,0.06666666666666667,6.328888888888888,62,62,62,FIFO
24,12,0.24,27,0.5,1.9171597633136093,13,14,13,FIFO
32,9,0.54,26,0.28125,4.24,10,10,10,FIFO
28,1,0.37,183,0.03571428571428571,12.534438775510205,163,163,163,FIFO
24,1,0.53,199,0.041666666666666664,36.123263888888886,154,154,154,FIFO
19,1,0.9,20,0.05263157894736842,81.0,3,3,3,FIFO
24,1,0.62,162,0.041666666666666664,37.2517006802721,121,121,121,FIFO
13,12,0.7,61,0.9230769230769231,17.29,10,10,10,FIFO
9,1,0.74,158,0.1111111111111111,357.8024691358025,73,73,73,FIFO
37,1,0.37,86,0.02702702702702703,4.923469387755103,72,72,72,FIFO
15,12,0.47,131,0.8,50.37244897959183,14,15,14,FIFO
20,9,0.88,31,0.45,48.96,5,5,5,FIFO
27,10,0.89,87,0.37037037037037035,109.109375,8,8,8,FIFO
29,1,0.05,199,0.034482758620689655,11.381377551020408,186,186,186,FIFO
21,10,0.88,35,0.47619047619047616,34.47222222222223,6,6,6,FIFO
7,3,0.94,175,0.42857142857142855,1060.138888888889,7,6,6,LRU
8,1,0.52,148,0.125,24.0,110,110,110,FIFO
29,8,0.93,42,0.27586206896551724,78.0,3,3,3,FIFO
11,10,0.94,121,0.9090909090909091,870.6875,4,4,4,FIFO
30,1,0.35,28,0.03333333333333333,3.388888888888889,20,20,20,FIFO
16,11,0.46,44,0.6875,9.090909090909092,11,11,11,FIFO
10,10,0.49,22,1.0,7.1875,8,8,8,FIFO
5,5,0.32,194,1.0,86.16,5,5,5,FIFO
30,1,0.41,69,0.03333333333333333,4.8224,56,56,56,FIFO
40,10,0.31,22,0.25,0.9090909090909091,11,11,11,FIFO
8,1,0.37,171,0.125,31.484375,131,131,131,FIFO
9,5,0.82,77,0.5555555555555556,180.734375,8,8,8,FIFO
40,5,0.94,75,0.125,306.25,2,2,2,FIFO
18,1,0.81,56,0.05555555555555555,62.639999999999986,19,19,19,FIFO
37,10,0.9,27,0.2702702702702703,132.25,2,2,2,FIFO
10,10,0.22,136,1.0,22.839999999999996,10,10,10,FIFO
11,10,0.93,36,0.9090909090909091,0.0,1,1,1,FIFO
21,1,0.89,139,0.047619047619047616,123.49489795918369,60,60,60,FIFO
35,6,0.66,67,0.17142857142857143,36.51555555555555,15,15,15,FIFO
22,2,0.95,22,0.09090909090909091,0.0,1,1,1,FIFO
11,11,0.24,163,1.0,12.694214876033056,11,11,11,FIFO
39,1,0.68,118,0.02564102564102564,18.8416,74,74,74,FIFO
35,1,0.66,112,0.02857142857142857,69.53633217993081,63,63,63,FIFO
7,7,0.91,71,1.0,160.56,5,5,5,FIFO
9,9,0.87,70,1.0,220.25,4,4,4,FIFO
27,5,0.93,161,0.18518518518518517,913.1071428571429,15,14,14,LRU
8,1,0.28,180,0.125,61.75,137,137,137,FIFO
9,7,0.77,32,0.7777777777777778,36.53061224489796,7,7,7,FIFO
25,10,0.84,49,0.4,31.714285714285715,7,7,7,FIFO
20,9,0.95,26,0.45,144.0,2,2,2,FIFO
5,5,0.94,198,1.0,4260.75,4,4,4,FIFO
8,8,0.23,162,1.0,24.9375,8,8,8,FIFO
16,10,0.9,144,0.625,911.6734693877552,7,7,7,FIFO
15,10,0.81,108,0.6666666666666666,224.36000000000004,10,10,10,FIFO
20,1,0.34,158,0.05,20.490000000000002,135,135,135,FIFO
23,1,0.18,199,0.043478260869565216,12.400756143667298,184,184,184,FIFO
32,12,0.59,47,0.375,5.5822222222222235,15,15,15,FIFO
9,1,0.74,125,0.1111111111111111,67.87654320987654,74,74,74,FIFO
40,7,0.13,22,0.175,1.6363636363636365,11,11,11,FIFO
27,4,0.88,43,0.14814814814814814,86.1875,4,4,4,FIFO
40,11,0.14,28,0.275,1.8125,16,16,16,FIFO
22,6,0.95,92,0.2727272727272727,691.2222222222222,6,6,6,FIFO
7,5,0.9,111,0.7142857142857143,358.9166666666667,6,6,6,FIFO
17,1,0.77,154,0.058823529411764705,66.97222222222221,84,84,84,FIFO
18,11,0.93,22,0.6111111111111112,68.22222222222223,3,3,3,FIFO
5,1,0.45,66,0.2,38.160000000000004,52,52,52,FIFO
11,5,0.86,27,0.45454545454545453,112.66666666666667,3,3,3,FIFO
23,11,0.79,105,0.4782608695652174,65.91715976331362,13,13,13,FIFO
19,2,0.88,39,0.10526315789473684,132.25,2,2,2,FIFO
10,8,0.6,160,0.8,68.2,11,14,11,FIFO
11,6,0.82,37,0.5454545454545454,9.6875,4,4,4,FIFO
8,8,0.3,49,1.0,12.571428571428571,7,7,7,FIFO
14,1,0.18,169,0.07142857142857142,15.35204081632653,145,145,145,FIFO
17,9,0.95,196,0.5294117647058824,402.6942148760331,11,11,11,FIFO
15,7,0.89,39,0.4666666666666667,24.6875,4,4,4,FIFO
5,1,0.75,92,0.2,118.24000000000001,44,44,44,FIFO
8,8,0.93,53,1.0,650.25,2,2,2,FIFO
18,1,0.56,170,0.05555555555555555,34.58024691358025,129,129,129,FIFO
21,3,0.61,22,0.14285714285714285,23.440000000000005,5,5,5,FIFO
10,4,0.86,29,0.4,110.25,2,2,2,FIFO
13,8,0.75,31,0.6153846153846154,32.96,5,5,5,FIFO
21,8,0.9,152,0.38095238095238093,295.6033057851239,11,11,11,FIFO
9,8,0.92,147,0.8888888888888888,642.2857142857143,7,7,7,FIFO
39,10,0.95,95,0.2564102564102564,463.13888888888886,6,6,6,FIFO
8,7,0.78,134,0.875,157.9375,8,8,8,FIFO
11,5,0.52,27,0.45454545454545453,2.6399999999999997,5,5,5,FIFO
27,11,0.62,49,0.4074074074074074,9.702479338842975,11,11,11,FIFO
36,1,0.52,25,0.027777777777777776,12.109375,18,18,18,FIFO
9,9,0.69,190,1.0,105.20987654320987,9,9,9,FIFO
31,1,0.2,27,0.03225806451612903,0.4542936288088642,24,24,24,FIFO
32,6,0.72,26,0.1875,3.1875,8,8,8,FIFO
22,1,0.4,92,0.045454545454545456,14.42630385487529,67,67,67,FIFO
18,1,0.86,90,0.05555555555555555,81.8,52,52,52,FIFO
36,10,0.81,40,0.2777777777777778,7.888888888888888,12,12,12,FIFO
26,1,0.18,95,0.038461538461538464,4.373263888888888,88,88,88,FIFO
16,1,0.83,158,0.0625,116.24888888888891,77,77,77,FIFO
31,1,0.83,101,0.03225806451612903,73.39555555555553,54,54,54,FIFO
23,8,0.85,91,0.34782608695652173,179.83471074380165,11,11,11,FIFO
19,1,0.45,192,0.05263157894736842,54.09418282548477,153,153,153,FIFO
11,10,0.92,25,0.9090909090909091,20.222222222222225,3,3,3,FIFO
12,12,0.22,68,1.0,15.388888888888891,12,12,12,FIFO
36,1,0.11,24,0.027777777777777776,0.35986159169550175,23,23,23,FIFO
7,1,0.76,148,0.14285714285714285,103.55102040816327,79,79,79,FIFO
26,11,0.76,73,0.4230769230769231,45.07638888888889,12,12,12,FIFO
17,9,0.72,40,0.5294117647058824,11.346938775510205,7,7,7,FIFO
31,8,0.33,20,0.25806451612903225,3.0,11,10,10,LRU
19,7,0.74,63,0.3684210526315789,44.520833333333336,13,12,12,LRU
24,11,0.9,129,0.4583333333333333,332.69000000000005,10,10,10,FIFO
28,10,0.94,143,0.35714285714285715,578.8163265306122,7,7,7,FIFO
35,10,0.9,162,0.2857142857142857,140.10204081632654,14,14,14,FIFO
14,1,0.06,188,0.07142857142857142,7.387755102040815,178,178,178,FIFO
28,6,0.92,146,0.21428571428571427,252.56198347107437,11,11,11,FIFO
11,6,0.84,34,0.5454545454545454,40.96,5,5,5,FIFO
31,9,0.64,32,0.2903225806451613,4.5600000000000005,11,10,10,LRU
14,11,0.9,50,0.7857142857142857,205.25,4,4,4,FIFO
24,8,0.66,40,0.3333333333333333,13.222222222222227,12,12,12,FIFO
12,10,0.93,127,0.8333333333333334,1725.8055555555559,6,6,6,FIFO
28,7,0.85,100,0.25,120.72222222222219,12,12,12,FIFO
9,7,0.51,36,0.7777777777777778,7.5,8,9,8,FIFO
19,1,0.68,115,0.05263157894736842,74.53287197231832,85,85,85,FIFO
19,12,0.42,30,0.631578947368421,3.4,10,10,10,FIFO
14,8,0.32,27,0.5714285714285714,4.0,9,9,9,FIFO
11,1,0.69,132,0.09090909090909091,37.63636363636363,90,90,90,FIFO
9,5,0.58,29,0.5555555555555556,2.4722222222222228,6,6,6,FIFO
8,8,0.39,139,1.0,30.734375,8,8,8,FIFO
34,1,0.68,108,0.029411764705882353,27.940000000000005,69,69,69,FIFO
11,1,0.12,29,0.09090909090909091,1.950617283950617,26,26,26,FIFO
17,12,0.36,27,0.7058823529411765,3.21,10,10,10,FIFO
10,8,0.77,165,0.8,229.55555555555554,10,9,9,LRU
39,7,0.81,43,0.1794871794871795,41.83673469387755,7,7,7,FIFO
14,8,0.89,31,0.5714285714285714,41.138888888888886,6,6,6,FIFO
5,5,0.23,75,1.0,44.0,5,5,5,FIFO
9,7,0.91,80,0.7777777777777778,356.8,5,5,5,FIFO
7,1,0.33,143,0.14285714285714285,40.81632653061225,116,116,116,FIFO
17,1,0.46,109,0.058823529411764705,18.862222222222222,92,92,92,FIFO
6,6,0.55,155,1.0,24.472222222222225,6,6,6,FIFO
19,1,0.74,154,0.05263157894736842,39.34948096885813,97,97,97,FIFO
25,10,0.91,159,0.4,438.79338842975216,11,11,11,FIFO
40,11,0.61,37,0.275,9.976331360946745,13,13,13,FIFO
11,3,0.75,21,0.2727272727272727,38.6875,5,4,4,LRU
36,4,0.81,79,0.1111111111111111,141.89000000000001,12,10,10,LRU
7,3,0.75,60,0.42857142857142855,250.66666666666666,8,7,7,LRU
15,3,0.76,37,0.2,28.234375,10,8,8,LRU
38,4,0.93,159,0.10526315789473684,803.359375,9,8,8,LRU
24,5,0.72,88,0.20833333333333334,85.84888888888887,18,15,15,LRU
25,4,0.85,84,0.16,476.5,9,8,8,LRU
34,9,0.81,151,0.2647058823529412,76.90432098765433,19,18,18,LRU
16,5,0.75,36,0.3125,34.693877551020414,8,7,7,LRU
32,3,0.82,43,0.09375,15.984375,14,9,9,LRU
24,6,0.92,163,0.25,137.60330578512395,12,11,11,LRU
17,10,0.44,52,0.5882352941176471,19.715555555555554,16,15,15,LRU
32,9,0.84,187,0.28125,234.7932098765433,21,18,18,LRU
6,2,0.85,58,0.3333333333333333,150.25,5,4,4,LRU
35,5,0.93,184,0.14285714285714285,353.26530612244903,15,14,14,LRU
15,8,0.28,30,0.5333333333333333,5.2,11,10,10,LRU
32,6,0.91,154,0.1875,1767.654320987654,10,9,9,LRU
20,9,0.65,44,0.45,38.222222222222214,13,12,12,LRU
23,5,0.95,99,0.21739130434782608,885.8367346938776,8,7,7,LRU
31,4,0.83,72,0.12903225806451613,107.56000000000002,13,10,10,LRU
39,4,0.69,31,0.10256410256410256,6.913580246913581,10,9,9,LRU
31,3,0.79,86,0.0967741935483871,60.46222222222222,20,15,15,LRU
37,4,0.78,30,0.10810810810810811,15.4375,9,8,8,LRU
37,4,0.78,46,0.10810810810810811,19.4375,10,8,8,LRU
8,6,0.88,137,0.75,331.609375,9,8,8,LRU
14,12,0.72,167,0.8571428571428571,52.637755102040806,15,14,14,LRU
35,3,0.83,75,0.08571428571428572,23.065743944636676,22,19,19,LRU
36,6,0.77,55,0.16666666666666666,52.76543209876543,10,9,9,LRU
13,5,0.73,39,0.38461538461538464,72.25,7,6,6,LRU
32,4,0.82,73,0.125,111.21,12,10,10,LRU
23,2,0.92,41,0.08695652173913043,97.83673469387756,12,9,9,LRU
23,4,0.87,49,0.17391304347826086,71.47222222222223,7,6,6,LRU
12,10,0.78,148,0.8333333333333334,87.88429752066118,12,11,11,LRU
37,3,0.94,84,0.08108108108108109,165.5,9,8,8,LRU
7,2,0.83,28,0.2857142857142857,67.83999999999999,6,5,5,LRU
26,7,0.46,42,0.2692307692307692,4.485207100591716,14,13,13,LRU
37,3,0.8,131,0.08108108108108109,64.1475,29,23,23,LRU
18,5,0.91,110,0.2777777777777778,401.4375,9,8,8,LRU
30,10,0.84,111,0.3333333333333333,59.440000000000005,17,15,15,LRU
12,2,0.85,91,0.16666666666666666,782.1875,5,4,4,LRU
23,5,0.65,47,0.21739130434782608,20.810000000000002,11,10,10,LRU
30,3,0.84,42,0.1,19.999999999999996,12,9,9,LRU
23,11,0.84,138,0.4782608695652174,110.96000000000001,16,15,15,LRU
5,2,0.87,33,0.4,130.1875,5,4,4,LRU
6,5,0.62,99,0.8333333333333334,67.91666666666667,8,6,6,LRU
13,8,0.55,29,0.6153846153846154,7.728395061728394,10,9,9,LRU
38,4,0.87,45,0.10526315789473684,45.916666666666664,7,6,6,LRU
30,5,0.8,48,0.16666666666666666,18.959999999999997,12,10,10,LRU
29,7,0.17,20,0.2413793103448276,0.8888888888888888,13,12,12,LRU
12,4,0.8,62,0.3333333333333333,42.098765432098766,12,9,9,LRU
29,3,0.9,59,0.10344827586206896,311.1875,5,4,4,LRU
21,3,0.08,20,0.14285714285714285,1.8,13,12,12,LRU
37,6,0.94,195,0.16216216216216217,1916.984375,9,8,8,LRU
16,12,0.81,161,0.75,235.96428571428572,15,14,14,LRU
18,2,0.69,36,0.1111111111111111,109.5,5,4,4,LRU
30,5,0.89,100,0.16666666666666666,326.8284023668639,14,13,13,LRU
20,2,0.88,38,0.1,184.25,5,4,4,LRU
6,3,0.81,65,0.5,166.1875,7,5,5,LRU
38,5,0.87,64,0.13157894736842105,81.4320987654321,10,9,9,LRU
19,12,0.87,196,0.631578947368421,402.42857142857144,15,14,14,LRU
7,5,0.88,186,0.7142857142857143,423.3877551020408,8,7,7,LRU
7,2,0.89,42,0.2857142857142857,222.0,5,4,4,LRU
39,4,0.88,63,0.10256410256410256,130.28571428571428,8,7,7,LRU
6,5,0.62,72,0.8333333333333334,58.666666666666664,7,6,6,LRU
27,3,0.77,36,0.1111111111111111,31.836734693877556,8,7,7,LRU
15,12,0.65,131,0.8,26.328888888888887,18,15,15,LRU
35,3,0.78,54,0.08571428571428572,36.264462809917354,12,11,11,LRU
7,6,0.74,77,0.8571428571428571,84.57142857142857,8,7,7,LRU
18,8,0.9,180,0.4444444444444444,415.6686390532544,14,13,13,LRU
39,10,0.66,64,0.2564102564102564,56.67346938775511,15,14,14,LRU
10,2,0.57,60,0.2,31.555555555555557,18,16,16,LRU
40,4,0.93,153,0.1,580.109375,10,8,8,LRU
29,6,0.39,30,0.20689655172413793,4.743801652892562,13,12,12,LRU
37,3,0.91,42,0.08108108108108109,219.04000000000002,6,5,5,LRU
26,3,0.92,48,0.11538461538461539,115.0,5,4,4,LRU
31,3,0.48,43,0.0967741935483871,5.33984375,21,18,18,LRU
39,9,0.77,68,0.23076923076923078,10.265306122448976,15,14,14,LRU
21,3,0.95,172,0.14285714285714285,823.6734693877552,8,7,7,LRU
11,7,0.84,127,0.6363636363636364,221.859375,9,8,8,LRU
21,6,0.88,122,0.2857142857142857,839.76,11,10,10,LRU
35,6,0.41,28,0.17142857142857143,4.6115702479338845,12,11,11,LRU
40,4,0.86,86,0.1,268.91358024691357,10,9,9,LRU
14,2,0.94,123,0.14285714285714285,1655.6875,5,4,4,LRU
22,5,0.86,33,0.22727272727272727,26.66666666666667,10,9,9,LRU
22,8,0.56,57,0.36363636363636365,15.421487603305785,13,11,11,LRU
7,3,0.88,82,0.42857142857142855,211.84,8,6,6,LRU
37,4,0.73,24,0.10810810810810811,9.10204081632653,8,7,7,LRU
20,2,0.94,92,0.1,680.24,7,5,5,LRU
6,5,0.72,83,0.8333333333333334,105.47222222222223,8,6,6,LRU
13,2,0.9,183,0.15384615384615385,229.21000000000004,21,16,16,LRU
22,11,0.67,93,0.5,20.426666666666662,16,15,15,LRU
37,4,0.74,112,0.10810810810810811,73.07936507936508,25,21,21,LRU
21,4,0.89,83,0.19047619047619047,583.8367346938775,8,7,7,LRU
35,11,0.66,94,0.3142857142857143,49.30795847750864,19,17,17,LRU
29,6,0.75,106,0.20689655172413793,95.97633136094674,14,13,13,LRU
40,8,0.91,176,0.2,244.05555555555557,13,12,12,LRU
23,4,0.6,30,0.17391304347826086,17.333333333333332,8,6,6,LRU
27,6,0.89,185,0.2222222222222222,893.3112244897959,16,14,14,LRU
10,2,0.84,36,0.2,100.16,7,5,5,LRU
5,2,0.63,31,0.4,36.6875,7,6,6,LRU
23,5,0.72,31,0.21739130434782608,10.109375,9,8,8,LRU
21,6,0.89,171,0.2857142857142857,559.8541666666666,13,12,12,LRU
32,8,0.7,43,0.25,12.249134948096886,18,17,17,LRU
37,5,0.74,82,0.13513513513513514,59.91003460207612,18,17,17,LRU
26,7,0.57,23,0.2692307692307692,6.0246913580246915,10,9,9,LRU
20,9,0.55,35,0.45,5.243055555555556,13,12,12,LRU
16,3,0.9,113,0.1875,450.80555555555566,7,6,6,LRU
37,3,0.9,182,0.08108108108108109,295.33884297520666,14,13,13,LRU
21,3,0.95,182,0.14285714285714285,614.2857142857143,10,8,8,LRU
18,2,0.91,151,0.1111111111111111,482.17283950617286,12,9,9,LRU
36,5,0.87,88,0.1388888888888889,236.1818181818182,12,11,11,LRU
36,2,0.92,30,0.05555555555555555,52.4,6,5,5,LRU
30,9,0.27,21,0.3,1.1875,13,12,12,LRU
23,10,0.62,44,0.43478260869565216,5.888888888888888,13,12,12,LRU
14,12,0.57,96,0.8571428571428571,37.40816326530611,15,14,14,LRU
21,7,0.6,54,0.3333333333333333,18.583333333333332,13,12,12,LRU
18,5,0.9,74,0.2777777777777778,619.8888888888888,7,6,6,LRU
33,7,0.6,45,0.21212121212121213,6.90234375,18,16,16,LRU
35,10,0.9,151,0.2857142857142857,356.73979591836735,15,14,14,LRU
7,5,0.58,103,0.7142857142857143,14.472222222222223,7,6,6,LRU
30,11,0.51,67,0.36666666666666664,19.52734375,17,16,16,LRU
18,9,0.91,190,0.5,472.08284023668637,14,13,13,LRU
17,2,0.9,98,0.11764705882352941,196.24,13,10,10,LRU
25,11,0.56,34,0.44,7.638888888888889,13,12,12,LRU
33,12,0.18,34,0.36363636363636365,1.2099999999999995,22,20,20,LRU
5,4,0.45,34,0.8,10.16,6,5,5,LRU
5,3,0.73,44,0.6,53.36,8,6,6,LRU
27,8,0.81,144,0.2962962962962963,125.88429752066114,23,22,22,LRU
5,4,0.66,106,0.8,113.35999999999999,9,6,6,LRU
39,4,0.9,52,0.10256410256410256,73.22222222222223,7,6,6,LRU
24,5,0.81,45,0.20833333333333334,13.05,11,10,10,LRU
18,11,0.87,157,0.6111111111111112,362.2248520710058,14,13,13,LRU
19,2,0.92,43,0.10526315789473684,144.88888888888889,6,5,5,LRU
8,6,0.09,30,0.75,2.4897959183673466,8,7,7,LRU
31,8,0.89,97,0.25806451612903225,57.81,11,10,10,LRU
35,7,0.82,63,0.2,69.05325443786981,14,13,13,LRU
15,4,0.89,177,0.26666666666666666,154.35416666666666,14,13,13,LRU
36,11,0.53,37,0.3055555555555556,7.822485207100592,14,13,13,LRU
15,7,0.38,31,0.4666666666666667,6.246913580246914,10,9,9,LRU
7,5,0.64,33,0.7142857142857143,17.918367346938776,8,7,7,LRU
7,2,0.85,27,0.2857142857142857,26.0,5,4,4,LRU
8,3,0.6,32,0.375,11.387755102040815,9,8,8,LRU
24,4,0.69,34,0.16666666666666666,37.6875,9,8,8,LRU
25,5,0.74,76,0.2,87.66863905325444,14,13,13,LRU
10,3,0.87,83,0.3,132.69387755102042,8,7,7,LRU
22,7,0.74,60,0.3181818181818182,49.833333333333336,13,12,12,LRU
39,11,0.81,150,0.28205128205128205,94.77777777777776,19,18,18,LRU
9,2,0.9,58,0.2222222222222222,141.83999999999997,6,5,5,LRU
28,4,0.93,148,0.14285714285714285,549.1600000000001,11,10,10,LRU
7,6,0.61,62,0.8571428571428571,55.55102040816327,8,7,7,LRU
11,10,0.36,106,0.9090909090909091,24.59504132231405,19,11,11,LRU
8,7,0.86,194,0.875,730.9375,9,8,8,LRU
16,6,0.85,127,0.375,235.74305555555554,15,12,12,LRU
9,6,0.88,142,0.6666666666666666,192.6875,9,8,8,LRU
18,3,0.85,64,0.16666666666666666,67.0,9,8,8,LRU
6,5,0.84,93,0.8333333333333334,421.25,7,6,6,LRU
20,8,0.64,53,0.4,27.40999999999999,11,10,10,LRU
36,9,0.65,50,0.25,24.066115702479337,12,11,11,LRU
10,2,0.94,43,0.2,355.5555555555555,4,3,3,LRU
20,8,0.71,33,0.4,12.909090909090908,12,11,11,LRU
22,5,0.95,49,0.22727272727272727,132.91358024691357,10,9,9,LRU
21,3,0.63,40,0.14285714285714285,23.4,13,10,10,LRU
38,5,0.85,81,0.13157894736842105,120.22222222222223,10,9,9,LRU
11,10,0.59,98,0.9090909090909091,23.173553719008265,13,12,12,LRU
17,6,0.92,107,0.35294117647058826,318.3209876543211,11,9,9,LRU
24,6,0.58,28,0.25,8.76,11,10,10,LRU
30,7,0.91,140,0.23333333333333334,478.6913580246913,10,9,9,LRU
9,3,0.93,132,0.3333333333333333,1028.1224489795916,8,7,7,LRU
8,2,0.91,87,0.25,412.6666666666667,5,4,4,LRU
39,7,0.91,175,0.1794871794871795,530.082644628099,14,11,11,LRU
5,2,0.91,90,0.4,1141.25,8,6,6,LRU
20,5,0.93,123,0.25,710.484375,9,8,8,LRU
13,11,0.47,100,0.8461538461538461,19.28994082840237,16,13,13,LRU
8,7,0.22,33,0.875,5.109375,9,8,8,LRU
8,3,0.9,125,0.375,253.83673469387756,12,10,10,LRU
37,3,0.43,20,0.08108108108108109,3.75,10,8,8,LRU
27,11,0.83,74,0.4074074074074074,28.632653061224488,15,14,14,LRU
30,5,0.72,74,0.16666666666666666,68.52071005917159,15,13,13,LRU
6,5,0.79,90,0.8333333333333334,163.66666666666666,9,6,6,LRU
5,4,0.88,180,0.8,918.0,6,5,5,LRU
7,4,0.65,26,0.5714285714285714,7.88888888888889,7,6,6,LRU
32,4,0.62,37,0.125,21.50413223140496,13,11,11,LRU
5,4,0.75,64,0.8,64.56,9,6,6,LRU
39,7,0.41,32,0.1794871794871795,5.25,18,16,16,LRU
25,10,0.77,78,0.4,36.76923076923077,14,13,13,LRU
26,10,0.71,68,0.38461538461538464,82.69421487603306,12,11,11,LRU
7,2,0.91,114,0.2857142857142857,536.3333333333334,15,10,10,LRU
24,2,0.95,107,0.08333333333333333,929.484375,11,8,8,LRU
32,6,0.89,67,0.1875,82.08264462809917,12,11,11,LRU
14,9,0.64,84,0.6428571428571429,35.50413223140496,13,11,11,LRU
10,7,0.12,23,0.7,5.109375,9,8,8,LRU
32,6,0.77,50,0.1875,12.805555555555557,13,12,12,LRU
20,11,0.81,131,0.55,186.53254437869822,14,13,13,LRU
20,6,0.67,72,0.3,21.00346020761246,18,17,17,LRU
30,9,0.9,133,0.3,303.900826446281,12,11,11,LRU
39,5,0.83,163,0.1282051282051282,238.62749999999997,22,20,20,LRU
15,6,0.87,112,0.4,136.69135802469134,10,9,9,LRU
18,6,0.57,28,0.3333333333333333,4.360000000000001,11,10,10,LRU
20,3,0.76,24,0.15,18.0,7,6,6,LRU
39,8,0.91,132,0.20512820512820512,981.3599999999999,11,10,10,LRU
29,9,0.6,57,0.3103448275862069,14.693333333333333,16,15,15,LRU
39,8,0.75,50,0.20512820512820512,23.338842975206607,12,11,11,LRU
36,5,0.94,53,0.1388888888888889,190.13888888888883,7,6,6,LRU
31,4,0.85,72,0.12903225806451613,257.6326530612245,9,7,7,LRU
16,8,0.31,33,0.5,2.1818181818181817,12,11,11,LRU
40,6,0.9,164,0.15,139.18005540166206,21,19,19,LRU
20,12,0.73,111,0.6,109.30666666666667,16,15,15,LRU
27,4,0.9,28,0.14814814814814814,67.83999999999999,6,5,5,LRU
35,4,0.88,143,0.11428571428571428,147.71913580246914,20,18,18,LRU
20,3,0.93,65,0.15,466.0,6,5,5,LRU
26,7,0.53,45,0.2692307692307692,10.354166666666666,13,12,12,LRU
25,12,0.42,45,0.48,6.133333333333334,16,15,15,LRU
5,2,0.78,61,0.4,192.88888888888889,5,4,4,LRU
20,4,0.88,28,0.2,15.555555555555555,7,6,6,LRU
32,11,0.62,53,0.34375,8.596938775510203,15,14,14,LRU
29,3,0.87,184,0.10344827586206896,394.17283950617275,26,19,19,LRU
37,6,0.67,65,0.16216216216216217,7.0132325141776946,25,23,23,LRU
14,11,0.62,55,0.7857142857142857,21.909722222222225,13,12,12,LRU
10,2,0.95,68,0.2,738.8888888888888,4,3,3,LRU
28,3,0.82,63,0.10714285714285714,108.58333333333333,9,7,7,LRU
18,3,0.84,148,0.16666666666666666,425.92899408284023,21,17,17,LRU
19,5,0.74,45,0.2631578947368421,26.65,11,10,10,LRU
12,11,0.05,59,0.9166666666666666,9.076388888888888,16,12,12,LRU
14,3,0.9,92,0.21428571428571427,541.8367346938776,8,7,7,LRU
24,8,0.49,39,0.3333333333333333,3.973333333333334,17,15,15,LRU
21,2,0.93,150,0.09523809523809523,466.53061224489795,8,7,7,LRU
